{
    "issue_d": {
        "mean": 1366309935.3718648,
        "variance": 860516455346376.5
    },
    "dti": {
        "mean": 16.782919253870425,
        "variance": 56.72839817748932
    },
    "funded_amnt": {
        "mean": 14160.220744985205,
        "variance": 66922405.39962202
    },
    "annual_inc": {
        "mean": 72724.313313063,
        "variance": 2451561640.7457633
    },
    "emp_length": {
        "mean": 6.025196734763655,
        "variance": 12.940996375400143
    },
    "term": {
        "mean": 42.276143798329215,
        "variance": 111.2355554540322
    },
    "inq_last_6mths": {
        "mean": 0.8314205561640701,
        "variance": 1.1507683087216036
    },
    "mths_since_recent_inq": {
        "mean": 6.963845549958019,
        "variance": 34.21624273716863
    },
    "delinq_2yrs": {
        "mean": 0.25908334286975426,
        "variance": 0.5807035773804743
    },
    "chargeoff_within_12_mths": {
        "mean": 0.006461132272883323,
        "variance": 0.008049392571154747
    },
    "num_accts_ever_120_pd": {
        "mean": 0.39011337043958727,
        "variance": 1.136599640501449
    },
    "num_tl_90g_dpd_24m": {
        "mean": 0.07702043552449825,
        "variance": 0.18956362384812142
    },
    "acc_open_past_24mths": {
        "mean": 4.033226075859092,
        "variance": 7.067570089911564
    },
    "avg_cur_bal": {
        "mean": 13733.231683792459,
        "variance": 257645154.4439421
    },
    "tot_hi_cred_lim": {
        "mean": 167140.2068887625,
        "variance": 28909213810.194946
    },
    "delinq_amnt": {
        "mean": 12.13952716245157,
        "variance": 521175.44038069394
    }
}